income,debt_ratio,loan_amount,credit_score,defaults,age
86115.23619065828,0.2601786631550114,13463.71307609342,661.5001966901272,0,28
71549.72193008964,0.2100070594125753,11093.282735006424,635.1941667875053,0,61
90110.74677821426,0.5807569593434526,16722.870032078714,677.1939586262906,0,51
110844.59327274266,0.6294887806930882,22134.69712351509,709.0713310056985,0,52
68434.77099507948,0.1652837963532536,5673.4729097266345,729.7514732917782,1,22
68373.76741790235,0.7835152257480815,15463.711998946568,672.128847344584,0,49
111247.99580099167,0.17826851197404367,14030.703237990336,679.3501088928283,0,69
92212.30427366265,0.5281682899438858,18310.67779064863,653.6650845576345,0,31
64383.67965002929,0.640389559305277,15794.08244460352,698.4280414812612,0,48
87174.80712891565,0.7506343533500093,11205.869176952328,657.5785682904593,1,22
63766.90652425536,0.6298153069230837,13424.939504672084,728.65639066206,0,45
64853.44616285637,0.6916868577867806,11011.215854697191,610.7066754032944,0,49
79277.18915115576,0.38055696725069016,20428.978580676216,682.0185163773768,0,28
31376.038354404962,0.7120327981727197,14827.127579626256,715.0553669595871,0,45
36815.366629077376,0.19409215053659243,24297.04919039981,709.1917258161252,0,21
62006.1291729021,0.7591724049793507,14868.907289945895,834.6516831990248,0,22
51236.36516707003,0.5208475903075019,11648.581955452892,717.4900012283954,0,65
82299.16109408789,0.7015374395158019,7302.760618998361,649.7972701578994,1,23
53613.25467622105,0.4589998292884457,5995.022011926477,695.2267876455463,1,44
42869.456941030774,0.5792467515242448,7023.797239207809,611.1876833266774,0,32
106639.2473789794,0.5129660603719428,16424.761672862027,695.9700125351619,0,58
69536.67799881352,0.6523311040500003,17332.2713564422,658.3471971499621,0,63
76346.25381874538,0.19567264287341735,6956.611897738924,745.7695137780081,0,54
43135.470271874976,0.1813493986480782,19566.475973115525,672.5229862702232,0,42
61590.81720492906,0.30822208044822036,12402.30983728843,694.1617042102376,0,28
78553.06295526371,0.25616999703373317,15613.61628001194,668.2221079297798,0,21
49837.37162987086,0.751100622268953,23155.2187706476,786.9425675926666,0,60
84092.4508826969,0.2988200832678411,19580.11663220193,683.9378616941044,0,63
60796.59033997326,0.8120356760445286,13534.81289723513,791.62785217396,0,50
67602.55336047507,0.37401366218971127,10352.149365575391,740.7075881059134,0,63
61753.3941358578,0.26500875239564614,4285.455545583423,724.1033363667693,0,66
116521.44373208715,0.7041785767001361,11286.956503255966,718.436657365876,0,21
74046.37682636936,0.5950205700975559,13974.374774232054,719.6898649108126,0,51
52196.398180724136,0.4897532479522688,10052.386357389332,603.6163710327195,0,37
92650.03710227832,0.5361293851758843,14337.970649463736,686.0558302924621,0,32
48148.5466437201,0.6386344394021163,15218.794285390484,742.2578985592161,0,65
78396.46661697548,0.3053651543324282,13709.150563925185,697.5551408262947,0,24
31427.67726926674,0.8276380811842599,11628.526774942991,629.7405076598212,0,61
45428.447748366,0.815257711117506,15810.79383071134,697.3797774711265,0,63
80987.87643939452,0.5919658534665666,16912.557006516665,785.2052758127745,0,29
90186.66977241002,0.28229403574778866,9732.703274954947,762.3445857767359,0,62
78648.62725643427,0.6089533108345371,21854.275903793776,696.8997995316984,0,44
73780.74675974443,0.19389233153538693,14275.860085440618,747.5724638529043,1,53
68144.68874072286,0.1600631458755186,15305.516215642085,681.6746489815974,1,56
42325.341356537036,0.3215065434373801,18420.04698875533,614.806420658664,0,49
58714.42138094443,0.4669912546763869,16345.224988202515,653.7767005935223,0,26
64312.769395425166,0.7409410806605281,19968.49769533905,778.1444384254099,0,25
97478.31726296799,0.6554228115535075,16315.095357289165,686.3003459085348,0,22
84117.71219706527,0.6611385376377343,11791.474993967086,687.830801031249,1,32
35262.70661430886,0.44381837861839823,16518.331532921486,685.008090186256,0,22
81944.78573050398,0.3814755499818968,9284.337242742044,795.2068294786503,0,45
65646.94797085214,0.39181433493651063,15594.686982163304,781.2979457681032,0,43
60680.59284060355,0.8318520381980642,14853.53945624928,810.9390116724067,1,25
90472.97276053464,0.16545137060990425,14163.270906554028,692.0477394799974,0,62
99805.40659862217,0.7387286723433347,14606.680706336076,714.7812244373548,0,68
94625.94083281001,0.535073563624368,5522.369115819804,624.1678725289604,0,61
56387.86854857061,0.45303952595789826,12232.964543162234,773.8467213059137,0,31
69198.33399496773,0.658005848284597,15757.592982397346,641.6110224366032,0,68
81728.43624601592,0.47799871480065886,15575.76440282988,710.8387781881314,0,55
97581.46388858579,0.736524268711825,9999.199461752742,645.1348736183578,1,21
64695.64810890739,0.7740319951027435,21524.943688773328,670.5566586630651,1,30
70660.07799809762,0.43974027694128554,10632.8707166963,658.136878447515,0,58
49610.64234707104,0.33117032212983905,19953.611907304283,669.606236966209,0,53
48940.759869260946,0.5583491082535561,16847.090933793996,673.0438648425511,0,45
94494.61328558065,0.7881733889897542,11864.858508475962,672.5865602537461,0,37
106571.85861214579,0.28965776722670505,24127.790358755592,741.6666955890154,0,40
72027.72903323773,0.5846008126477144,8958.113408022286,644.756860346874,0,55
95719.60196670186,0.5811431367407472,19422.72245829975,711.0270713506933,0,59
83850.77408464419,0.6459418789097068,19834.77160407264,760.897957615278,0,65
60353.34754731779,0.23482135347372923,11706.40097975402,674.3401817743302,0,63
84519.70285665162,0.65060369693411,21965.115428796977,664.10405546262,0,41
109272.17269958687,0.7877467065988641,13564.365747558872,688.4737687409875,0,49
73421.91779112251,0.26740249440177294,16728.684563248644,758.9862604180355,0,69
109283.42938110538,0.30866552637315947,16365.235792671145,709.7053815476679,0,62
16036.154748414472,0.8180616941689889,14469.332345040326,673.4392852696201,0,49
94157.14965144367,0.26893394068011794,18746.880040223976,724.193832559402,0,27
75844.57196177088,0.7250171804202021,18802.586236989715,644.8853925081788,0,53
68111.54426418708,0.4863981814745802,6320.765763796228,734.0679755221474,0,66
78178.89661178751,0.3072840675480045,21250.816849085844,720.4303653850884,0,28
30485.044744494317,0.7635742544295295,6817.068902814617,684.6095764430557,0,39
69091.52909191497,0.4540968721568468,20192.366796231094,658.0707100776384,0,59
83487.75639217455,0.4992870815786156,20691.780067672746,655.6659538858271,0,44
106780.54962230838,0.38778115856788054,9681.776240428377,726.7408668172955,0,38
64498.369053773116,0.5657977867806177,12694.541573958948,761.4490251244531,0,24
55972.931372134786,0.25866525832582765,9639.35628859884,668.1346126485603,0,30
63182.67374838753,0.41116812327576174,13722.065438768948,722.9193351775742,0,34
94395.63827896005,0.8060826241636706,13472.51465171822,595.6486490698966,0,27
82237.51715389531,0.3248524331204551,19215.61536156376,670.7691134671401,0,38
63955.96572013315,0.5917505586003043,21754.18157610899,698.447053356455,0,42
86654.82382542054,0.366733207062894,21788.44976015948,654.5158291509083,0,46
76010.48903848573,0.677638591670317,12073.452490597489,653.1746812605202,0,59
96445.53379869115,0.23376568660474173,13703.227773704808,666.6110221765557,0,51
59654.44952376187,0.8039707125882192,6472.346265469772,714.6096364163186,0,45
67812.46383041414,0.44871940002296606,11068.412022393317,690.6335490796813,0,46
65116.022949018894,0.30692864636942047,19840.41486130185,588.0884383337514,0,38
41462.36104858613,0.1900272028096243,23120.83848432021,593.9649923682467,0,69
81235.47492842437,0.2603643997229916,8761.780863319547,669.6567411071412,0,61
79807.14926805357,0.5032189061197477,11799.58459690871,722.8843293026777,0,48
75058.15316371509,0.3783234950818724,14840.331680870422,562.6247578637383,0,58
68446.61524770546,0.7241357862360119,16261.951629135954,675.0134911924184,0,60
43765.75609523937,0.44745968758820154,11145.68630236164,673.687607174129,0,52
65218.58597418331,0.3129791226042332,17349.03885763343,769.4168889104224,1,38
66305.33765682716,0.575908293578065,12424.673445183156,680.7489094143568,0,56
57897.12405487794,0.6468749430882261,14963.39320141433,719.1494492370464,0,38
71692.74324707856,0.25497984532492174,17535.66016848791,707.0628570043732,0,52
82683.27179656661,0.2542412190914193,15142.79414294956,593.47167600964,0,66
116462.68492160682,0.16637972559185138,12601.106325076407,738.4103608315869,1,35
78628.9579489751,0.6579303985015532,14305.4015806499,710.7698252728144,0,42
80943.51016155271,0.6129484392656313,14361.572775200506,725.4134319837294,1,26
74110.5714833453,0.4721932428676288,12910.338503599174,896.3118853218164,0,45
32073.18409344327,0.7395868722085743,13531.258852199744,595.7943530250706,0,51
73899.04498876972,0.7159622490269159,23112.805188488124,786.2348324880554,0,31
75270.15162690844,0.553147822963538,17630.210342667677,685.6276240299823,0,27
131165.94527237388,0.7422092531563013,13679.561833044394,714.3664452201505,0,24
69660.98673372935,0.2864322108477347,18429.28000928869,697.7243877349379,0,61
81899.80949459915,0.219145617344492,13578.969685257876,678.7881833300978,0,47
74836.15146630196,0.3269241880344097,21175.698802099563,671.508353588062,0,24
49386.43032581764,0.17904677593217042,16885.940486422765,716.4754367786504,1,68
102712.912306323,0.5131659618589532,14668.872456962465,624.141315166416,0,45
90702.95114468303,0.8062768530544865,17435.806177311406,737.5289583760883,0,24
93147.69840385123,0.16961075737506137,7155.830779545208,679.1902797557373,0,41
53986.83623435347,0.22382293300834866,9548.904169938443,643.4965330479821,0,34
105162.83498667968,0.45542799322053473,9161.629896581197,677.4993571002093,1,32
43965.51100935009,0.7876527487512391,15769.518427542516,762.8574608431286,0,47
88498.35393294979,0.3656804094666619,23559.92234905108,673.2332456491888,0,52
122148.52399260516,0.4871294747228677,26200.235904589008,717.9226809104811,0,62
51735.681952756786,0.16821096150902118,17961.275209049498,663.4521862142263,0,42
62945.59141265627,0.24321478690755677,17406.872894537126,737.8960924961809,0,52
77723.00521567726,0.8354327546012135,6028.603092742599,734.2753869395102,0,62
64379.6898927138,0.8168149453255039,12065.89898167931,792.4304416648206,0,37
40544.915322758985,0.14446180158616037,11244.3359021195,691.2218027250392,0,69
76854.33813148073,0.8145145288813098,11844.792875117835,733.4327402378954,1,49
50334.472143296734,0.5855700959447624,14096.061150593046,704.9033769769472,0,45
86533.8296516414,0.7577829123702617,12638.143541315942,764.7935890931507,0,35
54446.95598328567,0.4645916956083097,5137.323420105506,664.0583806195634,1,32
108910.47772363463,0.4992526331425393,18634.058099243608,737.250265643864,0,58
57176.97286548138,0.4800564883984409,9493.473150509008,690.265135194166,0,52
68219.28802436903,0.5953074466016707,16144.49478653586,696.7905911445752,0,45
94815.42719153935,0.23449263662000314,25233.0563976972,704.5876242224186,1,67
47068.610109312176,0.15857801499800397,10608.563042443417,712.6120198213339,0,20
79244.49495608348,0.3489475344478522,2319.830436923129,694.1885478439021,0,68
102634.97393198797,0.6458871744750487,13524.03143932192,710.7356591585263,0,57
38467.22675484309,0.28413266790614705,20438.594961163228,778.9059028781093,0,21
80150.21752722483,0.6050455403880487,24540.26211574776,749.2724842807609,0,68
80795.71804370185,0.8127668449478652,8767.714493889573,743.4577296248448,0,25
94090.0657379931,0.20497785802678084,17291.31499421219,677.2230236988065,0,65
46502.392850309174,0.5994654601534932,12859.838814175788,655.5379585885838,0,69
45857.73859763256,0.45627021096701675,14411.060913626354,747.7650279118876,1,57
86645.5092443198,0.7340364404212749,27717.48620458121,743.8023396264897,0,61
82698.86127760966,0.2649523232043223,7374.346315294125,773.6335337875491,0,43
81103.59457180026,0.6266998833398905,16250.466845815996,669.8009687015385,0,37
83381.66990660926,0.7209972888249647,17509.86864672645,688.5225672319826,0,46
60593.84873598606,0.7907552540005154,20068.84886001035,618.0257918737283,0,60
80353.6976550117,0.6298320681106909,15254.089644483747,680.3764446969564,0,27
81549.92110097277,0.4837044899583122,16861.603056465945,749.8285255289724,0,47
58969.0305768568,0.5713141131726481,12846.473567062169,676.6752310385901,0,29
115337.38325127191,0.756377550749826,16039.987980007894,732.0239897600412,0,36
86929.12301330155,0.5442529683063088,13392.949188048848,690.4748447001094,0,48
48200.62533212891,0.16203236336372173,18139.30748565955,716.2028514110781,0,25
89633.87384609316,0.7975073005243405,12934.753140747614,642.6154305092166,0,33
52679.66984076367,0.6155800185768141,16953.510056022802,704.260472481695,0,41
92591.15737086309,0.6114815536688855,14755.870837982611,550.4432014549639,0,25
99594.81632696712,0.2925709205107014,20372.414935665736,690.6551920919007,0,45
56325.59422912152,0.6115061740043576,14628.238458172564,618.476337814243,0,58
95522.10517075637,0.4084103152333721,6090.79530761429,760.2997258273408,0,31
84862.7996417452,0.6025756597879173,21687.36563313163,738.8703676382256,0,54
93694.80085537965,0.21058551604559503,10452.988047135928,723.333549098304,0,33
115770.36591036624,0.6079482749813214,11563.336476605868,776.050311357969,0,41
68852.79520135514,0.8358991535635604,11794.141893524558,652.5541739587582,1,42
59042.89766688977,0.1754288509937443,22287.61651464446,787.3681598957779,0,67
54607.64129733487,0.8158921997923624,4238.413105147143,746.6095782130193,1,26
56663.89932156147,0.42344671413552465,31180.30138337548,688.1722356390527,0,59
72139.64818590567,0.7522582131991439,20658.778498172207,756.7810073591472,0,69
83664.96783436142,0.680972495419343,15909.577537362988,644.6853243794183,0,44
80264.16364207717,0.5290259784060707,14740.004299650618,658.7742919236164,0,32
93047.40999810399,0.668519029109473,16484.632944071087,669.570513838015,0,40
73905.58171876134,0.7452204038458798,17683.780571403066,673.5511145967993,0,60
107664.40347417095,0.4214157393902167,18068.443899673854,647.1721178619873,0,29
70337.30651227607,0.36304676194109226,18096.013702294626,761.1541533547662,0,28
137463.19527501307,0.617335630348026,15692.853277450786,687.0572799815084,0,34
88166.55866460333,0.7039078685971506,14173.903390288033,717.625248417844,0,21
54608.83598263552,0.6862070251986079,14478.7582065231,671.4824316793159,0,44
50785.72193599639,0.6991866206693325,14202.138325531769,608.9698349725742,1,32
86054.313784193,0.43769540062453166,20853.597109426053,713.5028679195711,0,53
69743.25498485239,0.704755636821442,17747.378125771083,604.3872512290111,0,53
92516.60058499982,0.22574421408472553,297.28533010893733,696.5682976957265,0,54
86033.61869949683,0.5251811989840718,18455.4859528326,631.5842480583594,0,57
74452.2534176677,0.144157880758101,16292.416049074323,799.3637999615404,0,22
55199.29413910531,0.3607381032026878,15094.513169830478,745.5681361087361,0,61
41415.643492118485,0.39458679739335256,12930.4162179442,705.2876895635741,0,25
63789.13773610694,0.4220266762650183,20952.954716194323,763.1853338827334,0,67
94058.75032027195,0.6183306567842963,19443.6809279874,657.6842011267132,0,68
80529.20278084636,0.4175283390461715,11245.891742423562,727.1739689335046,1,38
47550.915657611564,0.448222720403728,17137.89647461823,709.9905216859356,0,22
77815.96612775694,0.3017934735141569,10277.64812590907,713.2010040666835,0,37
83049.92325388288,0.4008163043989658,7942.223617458426,763.6176750053384,0,58
54037.484860914556,0.3000745598466242,11902.605598170809,736.6246051389901,0,28
77525.99730275135,0.1919483691344786,19267.120554666137,714.4361831412511,0,31
76649.41735400568,0.5558684346500515,19381.762092455527,617.2556281885852,0,24
49655.13776782494,0.614482949963277,17336.10973396042,651.9976852360268,0,22
81547.50042312997,0.5790042005808637,18439.86799070581,693.8645533202138,0,30
87855.56481184762,0.46036241044484383,17303.43002416127,704.6686187138325,0,49
100586.21840304829,0.4073943614510032,11779.97440787413,643.4898137663038,0,23
100225.57604051394,0.7522681512416731,17481.709077327356,820.5838337789211,0,24
44489.30195416164,0.5004846760532029,19231.512089416137,775.8197027626786,0,20
53647.351203150625,0.4822149494567833,18830.070056296725,730.1059160196241,0,46
85486.78649985668,0.15885372014077956,20648.91870397,703.6018430641873,0,47
86997.64928195122,0.38069456888424275,18549.66823944631,689.3895515049425,0,48
86077.42326395355,0.41214005912783924,17044.02173393896,652.4040769988882,0,37
163037.72177771886,0.42673362703711837,20719.91622261176,703.8740259259431,0,31
86639.31861389946,0.5387371686599494,15036.102916339529,712.8876270071376,0,32
101798.50450502423,0.5072935814467823,10796.21532540648,637.9119712259188,0,60
96427.33260621599,0.5619152875863227,13904.81654272126,716.7088208622449,0,21
91242.53507005151,0.6886123872702007,11222.899318054326,692.2370475587626,0,56
67770.52275265248,0.7140416146500018,11734.590101853568,604.6096221061305,0,64
91189.7842352815,0.6335967902934939,14192.885107528047,656.9807494610249,0,35
56874.973578682155,0.8117288187735682,11039.41031513176,679.3197233289178,0,67
68478.55453157634,0.15532467257701366,13359.62878328536,794.3843828670095,0,43
65292.067764539155,0.2732478344303151,5423.170702324493,727.8276562266878,0,54
78350.45946814033,0.14288772581699377,16183.752056413754,633.2259215450055,0,41
125937.80071058983,0.5921369799684884,14715.130056813352,724.3018144708818,0,55
33288.687534544,0.7602248543631303,10962.240733365086,622.6348005530817,0,30
89648.8046384767,0.3075833116381172,18170.99621700138,754.1345526943537,0,65
39339.62454038586,0.7788165106245502,19902.02581953018,676.443767409106,0,48
63954.117055953815,0.1803256256760764,7015.888618959113,695.3181905630414,1,54
101234.51555519798,0.7894849458074124,11360.336802079244,766.2898323771095,0,67
77230.47222918841,0.3938217987901874,11116.075588313824,635.6418215707874,1,34
51512.632832913485,0.2073809114728953,10377.362453259277,630.1440907443505,0,50
57916.15974180588,0.47102601549640455,19049.32230149829,670.8200336826998,0,61
89652.65777127827,0.3225810890223864,13863.007661364636,751.9189425509659,0,60
57986.418785831775,0.33491381165423706,13496.25924083182,624.0326962261579,0,62
79500.82737424795,0.35039492110360815,4893.927903176321,558.3922200944716,0,35
75981.48191982126,0.7019788515125318,18258.908930632828,677.4420570795501,0,29
60344.86689634153,0.5132482753827802,8714.910361464687,727.587039995546,0,68
121900.26562484857,0.3583281920511354,15390.203872762868,760.0130874869415,0,51
88873.66729702575,0.5643785999959345,16440.387720439292,676.84193189573,0,21
29008.99967410507,0.6391915731174403,22135.305226613986,679.4286696441999,0,43
78587.96368175904,0.336276647162941,8511.324897466873,757.6950367127873,0,42
60574.43398380664,0.42127246763610887,-96.06985859375251,606.5129150152289,0,21
94082.82587917375,0.22458529117810855,15704.337971573445,680.5739612408495,1,57
57535.018466292735,0.2639927096674284,24353.190119385617,709.5211944962529,0,50
71376.56202331115,0.6222982810083663,21366.151590173773,722.4609360642517,1,59
85034.2274656787,0.2636520576620609,16222.78827454934,674.5096653404559,0,45
94183.96578038804,0.5080381742209503,12443.639677740712,701.7220505852921,0,48
47149.56987580156,0.6435436215242903,18880.352354354585,575.5836323293505,0,22
68455.80855199604,0.2171452216937984,10093.724605762976,667.0875793833076,0,33
63308.19815313528,0.5382229402820755,17587.30389758703,722.6754356277233,0,44
60813.47233396696,0.3210814097400124,17447.515103695416,650.885298287266,0,67
112980.55112756536,0.8229772996942927,20474.065013193584,702.9492110794798,0,20
84883.78836317276,0.469549838681453,28321.52363773297,722.343625040135,0,22
47553.85445781659,0.7123011679967118,17281.67896315284,682.8725399571117,0,45
96767.62123120509,0.5242761888081624,12569.486564589144,708.5231885498285,0,37
124744.63234549266,0.1712802533369606,14974.062088707322,651.8633717357694,0,28
96531.32314537582,0.5815445921252699,6157.6228403738505,689.6694360151977,0,57
41359.217759955805,0.8178619741876586,11516.877219412294,730.5108084794612,0,42
64740.081396953516,0.5646190436705546,13104.222767709667,707.8486480484218,0,40
102293.7127563348,0.7269776971632121,12219.809819629269,670.6734365218032,0,20
59805.114903148016,0.7587019984356982,15894.498410815906,711.2108202145397,0,40
86363.5821634681,0.3008789216013352,10758.941007724006,735.7304895318309,0,46
93490.2403329099,0.2898908551476406,20233.06061269421,597.5029360711261,0,61
55142.16000695777,0.5706925407084046,14880.80452655598,757.9537032477949,0,25
73174.62809286133,0.4323964820882376,15204.258458927843,683.1872630659464,0,63
2075.6262181768134,0.7414244112933652,13549.766269395468,721.2744966620115,1,55
51798.16670137508,0.7768192694203153,16038.546269063572,759.8623461822614,1,47
68359.62554441996,0.39311062072535663,19368.476224128848,631.4163151384766,0,64
46199.2406085542,0.3062355759376791,10510.88087449678,664.5279498786226,0,36
111877.76018605958,0.6869145407062427,11768.260389147395,685.5725652062148,0,59
42530.220779723044,0.32685871412931783,13517.726061509027,660.8123239437786,0,22
64643.050695829035,0.7149869835821985,8222.546299089001,786.7468287918405,0,31
77563.34085724162,0.43018525429896576,10773.256583626511,657.1613953086603,0,58
108193.77795502584,0.6030076633015486,12423.579377735416,672.2226610256566,1,31
42150.070198829424,0.20802326680391578,19081.526718780653,710.2194515801489,0,21
100937.67277498898,0.5762262821792337,16204.628569210963,639.8925236961956,0,65
76449.70315147017,0.4527400926326601,15681.742763503022,680.2159644121868,0,41
53097.03832603486,0.5483377524998229,19007.781809902157,715.8726630625088,0,42
84740.76240068105,0.26250311532804266,14129.95198024386,683.3569797808744,0,49
78813.01476073138,0.6580251658775897,16686.547915976324,695.3306570550026,1,24
62124.86782398338,0.7312965148662597,14577.172437424337,673.5333943775814,0,28
77317.33618610889,0.2875000024036351,16119.228614200889,624.2764845409616,0,40
67031.89123577334,0.20848035247613167,12078.12779398596,716.0796605669619,0,30
78890.53130929497,0.15860604493497915,2789.4740743181637,787.7466535823621,0,24
90995.30353739263,0.5813345210125458,14213.145048670192,700.9200815391719,0,54
111393.80835015519,0.5716040056601618,22279.575276573505,711.2632058623775,0,46
46771.94552223086,0.512600173334874,19983.07039067457,734.6361377558429,0,68
121661.31891894664,0.3049808200796949,19511.01424321046,636.533475172665,0,21
30809.30922909742,0.41412467131212166,21441.34377896856,785.1257329064803,0,43
70200.27780266845,0.5625587141017395,15731.468189375424,710.1164398211401,0,50
87019.59095219827,0.48463795028768825,15748.222883342343,781.5928449544555,0,52
80569.95233119927,0.8342077161155325,12129.096155488302,663.3483502238005,0,58
61021.23548859508,0.2344651455464196,13321.848870589036,790.9030961278912,0,49
70864.37635884732,0.6372472311347822,18321.92290936928,738.7577747017392,0,65
64075.73146889717,0.4246502172449831,20720.053898259284,727.6520042926179,0,56
62303.706656995026,0.4429991799052605,14581.611191696027,711.7012227176574,0,47
93116.2826808439,0.6333506016533775,12903.783418577574,687.5735690962775,0,50
82317.27219677839,0.6159389070915973,14927.614680397695,760.0265829236936,0,30
59529.540699636455,0.8388696769826332,17763.773086123136,707.0179934924023,0,42
95402.60886898279,0.23012239848782687,7795.752465932553,601.6465148206423,0,21
83002.15122704055,0.2118158371424848,3515.7238162184685,644.1406769146499,0,59
91874.67606621799,0.6373215599850449,12184.05997659968,690.7077123903626,0,60
88919.19034500439,0.5349482340979614,9010.657913197509,715.4999491582778,0,46
57469.372692918136,0.3286099246010882,12547.191940310417,697.1705755550053,0,54
62855.42690316873,0.19729119448637297,13994.170750968742,760.9485394896832,0,21
92579.9659909356,0.19689595132145873,12869.799671902592,602.4449067980688,0,58
87965.19903610552,0.7674957044255661,22097.57684652568,707.179396825258,0,56
73273.08196414053,0.27801926140983607,16935.44705492886,609.1010387306422,0,40
77645.66722445992,0.3637829590359911,16269.916443951815,737.9856147742084,0,24
103908.99853114733,0.2967115528892214,18395.01644013599,695.2770642778999,0,64
60881.75508260139,0.38977105751694274,9281.1267859215,720.9804986012059,0,40
86945.06126311846,0.18994840641792765,20244.690738427948,656.8058519705116,0,48
70679.64677016955,0.5034766094032689,14537.846677730786,763.9732465828876,0,39
70618.60386731707,0.18405675455947693,18366.034939943424,752.0862332029426,0,57
98129.19770611692,0.6960556769351651,9681.458363839803,729.1772151505944,1,39
94902.76534007592,0.3029761207991662,7224.973363984685,693.524137656828,1,69
93547.61125033817,0.510074319729859,18947.082505445254,728.9928642647566,0,44
102602.82408754466,0.744917568651511,16988.96763871881,664.6553716006325,0,21
75952.10553567528,0.5966278230048669,10288.718545979664,742.7777829510356,0,51
89798.70301291547,0.5212436992129896,10748.339046347022,782.4740447161961,0,45
67327.06973625788,0.36422766587056543,20394.757999423528,753.5305279989593,0,25
81856.5703511268,0.36917489744857074,8921.267470977633,663.5198765096295,0,60
72639.04341773209,0.6096716749750843,23260.887679952997,718.0708658636552,0,22
77666.97047547347,0.8442579814696272,10492.193848906,635.3429228120676,0,52
89176.13499691678,0.6097513930702819,18161.18862141943,728.6195155587837,0,20
56312.410080286645,0.5356397091697797,13308.257985159677,722.5301706431269,0,24
123378.59163225419,0.6414040141352665,17998.589353249932,606.5091830233918,1,32
52547.92809292197,0.46736807515721956,12339.770397554435,641.9108078043818,0,38
48273.71329675476,0.17904502529727548,13980.166310448045,685.8430551628117,0,31
101228.89372183912,0.5264360351564004,15479.867836571682,684.9570126429587,1,67
91968.90030274817,0.8262109681906257,9866.24102141692,639.5261532290598,0,44
90579.06071684728,0.26633384913240155,19013.662868818632,719.4489364676092,0,54
90628.66029936836,0.6253682338148165,12202.85915778656,712.5736804470256,0,31
75295.99012612512,0.27651196602487277,14069.78333616663,690.286543401074,0,49
54352.5494836865,0.5253432747167428,10091.960183742704,662.2104249920818,0,24
77237.04413750864,0.20735801107048285,2169.3366517680947,752.4353563208282,0,53
58956.430633671174,0.4525611081236008,13785.992397420498,782.7703556544147,0,41
96092.77069023732,0.6592316951585396,27171.873446580536,675.8219258076731,0,58
71388.0751392054,0.3885966028884924,18755.373352677983,669.391654142259,0,32
55314.72201526433,0.5939300321636501,15068.253193517789,724.5603832705998,1,66
66519.39648795742,0.7090658170546034,13807.67156150415,682.0985310126507,0,22
84717.08225246386,0.7814810190324353,14866.055635877605,693.0301399668383,0,39
61371.567992466444,0.299579963919824,17483.97971683013,736.9826575862336,0,50
56675.53717053967,0.42505285702382045,9123.290580200295,604.5321956246354,0,24
80808.86443722909,0.25041193988137306,20369.06621137022,765.9151162426334,1,43
79030.79823761681,0.8377273353291322,18576.06340772811,703.6340262164671,0,59
63449.237590359,0.7891656980820897,18739.38670862597,679.425342771891,0,52
64207.983605374575,0.5155195875001656,16882.89180170338,695.5382922889276,0,27
81347.71010153061,0.7222776584587176,15241.360976358364,698.121467751026,0,43
41678.62499481038,0.5009267992761036,18502.8561282559,613.4399348277537,0,69
44029.96065829437,0.5850779626140602,17837.484471290238,774.7469113726618,0,39
59804.63034026741,0.2050331615076339,13061.563716885665,702.0662816135309,0,35
71209.91590480202,0.6622314186770084,12161.425104560656,722.1501065223688,0,69
81772.41515200629,0.23249440313231298,15593.997340423708,747.5774885287021,0,31
106593.82117531376,0.7223686253059883,23099.146064688703,648.941877121985,0,32
96181.31924869776,0.6873603920538279,8798.773241303119,723.6735949517614,0,64
70532.18024372697,0.6451397444684234,7619.376772975027,686.6179454550603,0,61
75710.56077490086,0.16372220796397563,15928.132219464627,742.3385387608247,1,58
53322.42501902534,0.3458776765340908,15491.314194158373,593.6386289824252,0,44
74560.67925182074,0.3208129349438759,15994.645323835612,695.0452849879365,0,65
68410.26371644976,0.39940758859877085,16243.285223357325,669.8589672108019,0,51
81821.0235880337,0.20088364058236263,13970.381590112484,721.6131475317078,0,43
55986.66618466459,0.81068421658178,22425.75506750663,723.5022093684101,0,67
86749.2454029641,0.5257137835138674,6943.528431450585,664.6187052588987,0,66
109454.7809122467,0.3494258582817937,10984.271487998209,664.3913067911978,0,63
71288.65855867275,0.41355778029219165,14391.290115338576,694.4667315721335,0,28
85674.40955207612,0.4527580235610321,6882.600706644614,655.1678886342396,0,59
90923.96456208354,0.5620243738999212,13899.352598275278,742.0991847726063,0,69
67206.60689699251,0.5031455020722703,23653.32730326047,681.5396399776276,0,42
81388.57420809197,0.7970357350406428,15341.882038556249,554.6505890339179,0,69
76383.6831205114,0.4905098157085864,16096.447740647793,681.2588971689097,1,32
76570.35633653495,0.8204045608639406,8666.18342791535,648.0728089578014,0,51
57707.982662425995,0.7242233717669236,11688.62022134366,618.4362092269528,0,69
76359.44993242776,0.2911356406537191,13025.488529537,638.1286680888713,0,34
85628.04906791971,0.8055493339533253,13505.499407331785,705.4704235916485,0,55
108333.49273264222,0.2214410404659303,21349.1050236505,766.4320414124115,0,68
97336.44115799344,0.7179694147749417,17656.440596331082,715.659223693249,0,24
124464.74015489814,0.4119029783347289,9615.197180940246,669.674830589213,0,41
56847.9152204946,0.7473735677334165,15995.587118611846,722.7952097585352,0,35
96140.24874106873,0.7577485579450751,17171.730060478,677.0454844890504,0,60
77922.37628015496,0.6966950706529169,20570.213819833567,665.2699815418428,0,29
124971.7748968724,0.6894903583407415,23354.122475179163,642.2818665883508,0,43
56460.965516318174,0.3560133622758654,10000.60776295747,612.4085596624141,0,37
56389.1761389679,0.1944556916121537,10847.732629261169,680.5038146720277,0,68
61013.230631709725,0.4261845173396346,8873.759592458226,707.9026744960066,1,37
27200.750044272376,0.262581024073711,13667.835288705866,695.1688164992555,0,26
64071.5597238568,0.6349265417126806,17657.2193647794,679.2016536026321,0,23
58962.45699693748,0.37747186847408215,19654.794994976663,652.712696965161,0,45
77136.06488540454,0.8088465548906383,14414.955978729708,730.4123095842484,1,24
82906.00568280977,0.5880890106450222,13443.135849744813,634.1434040026708,0,35
117507.61998882923,0.7228129043203432,15488.292600467334,738.8013956921737,1,54
95439.41020059618,0.2307146907841643,10782.423919598124,649.8891490536638,0,45
62112.13991617054,0.7296491465548628,25130.97689636884,662.3782381323482,0,37
53898.903531260774,0.7933475996595234,6839.660254248853,626.6607404692162,1,48
87507.19885675661,0.4816728591167582,15920.558394750247,674.9298926557182,0,42
44784.37722254674,0.5572197889076309,24883.067589404098,748.765622923899,0,33
114098.07368028263,0.6679991649147502,14945.830671561023,725.7814044221979,0,34
102402.75080524318,0.2607139838879343,14157.294524569008,748.9211056014018,0,68
63462.24976136731,0.48371535707353264,13100.526407951633,726.1071272966968,1,52
36770.835356807525,0.4118326232591292,14313.680203929487,644.8165085734815,0,44
105914.88745639267,0.243210804697791,22165.047792042937,683.4605387836222,0,40
73016.5936845947,0.4049356773165001,3967.876370926323,660.9900435441268,0,36
102418.30025638011,0.18878617745397228,22485.90546150303,766.528745201952,0,42
39547.733706660074,0.15893127888515163,7786.357508628206,640.1605676786844,0,62
61365.579808032664,0.23697102674012643,13474.482997605384,744.6848844694556,0,36
75540.69879196177,0.8246662058597446,12797.380291857784,744.6476935054385,0,33
75349.47117696994,0.5255875123201611,18289.13778088285,791.4810100858043,1,48
65272.49155700371,0.8155981516888484,6971.134095108896,679.5156703685251,0,39
90587.28344046941,0.4471299522133172,17052.483250574147,735.6161079790081,0,49
51756.416590499066,0.3642434490141097,25044.09709389285,814.0825918269421,1,38
72927.07381445715,0.48722924919357075,8224.4342474145,669.1179161533152,0,58
76927.05174219696,0.4391817812725059,15898.876236698194,623.247987623382,0,32
85189.23437651733,0.2109918856935901,11871.159983189224,605.9994983046118,0,37
92629.62003837025,0.5869681874599655,16912.412300288004,735.6356014430665,0,42
48992.650255823675,0.2921873978429718,14985.866930781363,605.8424895970708,0,65
39929.83011351484,0.5747123233505971,11703.507612597285,681.3840473531038,1,52
105053.89523499034,0.5893027691568851,17169.632720106547,721.865659351948,0,58
83252.05430004305,0.2506099641733342,23807.577759383763,709.2587768414957,0,59
57570.71200763369,0.18313124230138556,13846.35180882936,721.2722432092086,0,37
107706.64398508816,0.6908421491262628,18695.838926541062,711.1144927900427,0,28
78854.61984425354,0.4567631687204892,8422.932272374832,763.9432906656697,0,52
100984.66475192856,0.18182413397737918,10274.825822548908,652.3841809630602,0,51
78024.06838571627,0.8425852858081371,17659.099460796533,666.1502430770735,0,36
120811.09555925819,0.18044080798347406,22747.67392278404,661.3670277364588,0,38
113150.68025810565,0.6263924324982418,16961.286292426143,741.5095905931305,0,46
69883.62090101495,0.8163633650101558,13595.936803287866,745.0199294197532,0,25
98010.32081500719,0.30803748149119564,15235.059233693572,722.5612659659254,0,54
89980.89866196619,0.2425470535725258,8735.11130113309,759.1746833444964,0,56
106872.14627713249,0.22546093025829925,17773.254538078392,641.097956631181,0,53
53971.18280039197,0.35258497547558976,19715.35610639063,783.3612055775568,0,39
90479.92352158179,0.2080266420393127,12555.6521484099,776.1619310856129,0,44
98894.63940734483,0.6183643813774995,12553.500371155167,736.7810998622873,0,23
35652.65132103844,0.18663722806965963,16491.29159654794,789.0899454385531,0,29
48882.491642080735,0.48936241662374136,12688.537716290484,617.1688396161113,0,29
28603.39080111831,0.8327715388903558,14961.05108545182,673.7775931868674,0,43
70069.9436028082,0.701267000144612,25835.47353242901,663.2348269659024,0,40
90637.51766328429,0.5679608687097442,13790.618635510682,736.0739661878672,0,30
109481.03678168694,0.3480934704821141,13419.2566292397,647.4929630198927,0,46
75537.34251015859,0.5695750604760266,11962.66476056997,737.8747574668743,0,35
113048.3471398163,0.5116317607532195,18482.74305110728,768.5268071998357,0,45
43461.86976985716,0.4423130719875069,13886.08425673168,734.7601450042,0,49
36613.36415017141,0.23515815407059135,11627.71041618458,714.187551183075,0,68
72504.41232900902,0.7720805816994399,21224.46826931382,650.6063329549626,0,35
83087.73984535529,0.4637966249344106,21941.68314282133,657.6574516937318,0,26
73453.73878301046,0.2742034768631631,12040.9530907819,762.4809452648333,0,35
28213.866289782192,0.402713263845074,5691.381637806479,738.9674501952666,1,54
71581.26534515903,0.428511038654017,20414.68240316864,698.0490240311228,0,35
45775.27859980287,0.7229746195341125,11435.16747605398,679.1045227117055,0,59
89626.20479334531,0.6607136415220977,19326.9276063076,598.7096063444311,1,31
84678.73240654904,0.6911846389748556,5153.948102182303,646.457379065778,0,54
53403.44141569784,0.1499000833257592,19154.84724143051,795.5709543569861,0,68
64628.30150822837,0.43568949760945525,8939.570566487451,635.9772214498767,0,40
51642.78258660945,0.46773056017165543,18853.830170929115,709.473991061054,0,69
72560.3471542924,0.1548773279230062,15360.888593179134,750.3721986597599,0,62
98088.88005000917,0.3188753754494521,10384.960100185055,637.2538665998853,0,55
53615.045310161804,0.6650992794817381,13045.529421678004,709.2355237390542,0,67
86886.86454409844,0.23238741410002678,18206.374863006185,746.8957768755328,1,36
62859.28013774913,0.5074323419391031,15678.916608159758,700.6249660953625,0,51
57399.302073583436,0.2959473466278227,18269.616618014148,843.4201527833384,0,60
73128.43282975646,0.1486619472402054,25035.841456818696,616.5700370560902,0,25
52003.09207435617,0.31491082474568277,7264.6889123543,752.9364264941939,0,43
63016.565066440315,0.8254185679160927,23513.098579620026,691.3599131301768,0,46
48019.4116771977,0.6920359726401115,15709.244739019909,738.5960077418338,0,39
121317.5095072693,0.8270711090315221,10368.680595099702,722.0653575849623,0,44
75580.8215262787,0.4755017377745846,8467.781848166765,663.3421901445001,0,21
60025.5119809921,0.21469899680483812,14149.641217088372,711.449819622967,0,28
79468.82433075074,0.5232747581873424,19297.407629704903,607.1049274300856,0,47
73685.65719264335,0.4545327828779504,14412.779363755484,730.1623750285697,0,57
69329.31403086949,0.7447552951810708,22727.91624917216,714.9079232995263,0,22
90127.90571453783,0.2073078998342395,7738.024914510401,731.9330084321551,1,39
92194.06780092302,0.4745411145052891,14703.333293875308,752.9059162543575,0,25
62223.65919458439,0.24417105541710657,8791.747108217496,718.3809920104856,0,58
61604.87843905146,0.3629654651578464,16568.563479751752,707.4044709899138,0,52
67805.96092889694,0.6492030583416248,19080.255704136336,655.9465831669354,0,20
22889.92121959828,0.47160436615606227,12661.045964127878,664.3889618175474,0,56
40809.78103221269,0.39880256501554756,1961.1544185960377,759.3367310088665,0,25
107433.42155966017,0.4148818682228421,16304.397215149434,771.816770285299,0,64
110401.43422332004,0.4662829969898714,17086.85825893799,688.0944781843973,0,53
70626.89016001733,0.7000361042968335,16904.531406402006,702.3001373626637,0,66
89114.4252406296,0.7603765755674518,21520.70501274256,654.7692812503117,0,34
81287.25196885831,0.8247394650146165,9794.024004125242,758.6378422633722,0,64
146024.39940385733,0.6801945443813712,18307.99985094915,733.2708411845889,0,45
99683.08872355238,0.36763253655960704,20916.44124777481,797.0608718231874,0,33
71277.10638187472,0.6173702991272949,6031.4516320959165,656.083846141013,1,26
53817.709586561505,0.4497205099604755,16274.165899664142,681.0996050490892,0,65
39153.781457206074,0.31678541505824803,12599.907677704929,711.5722961262786,1,50
79082.95882694965,0.7292000250142527,14308.937245587666,732.3244768862885,0,43
58216.79051326166,0.17014925642751735,16721.66704798418,689.2166181226183,0,50
42142.30240226073,0.7754412427632698,12728.751857781652,656.351945477315,0,48
61180.881091337884,0.45585604675116403,11623.751679362536,744.0703764461786,0,61
51341.254059815634,0.5764814059514051,15369.279901594677,736.056768127279,0,51
113528.53653204627,0.6097852543049019,9561.841769732531,654.1862949718137,1,36
95303.98424235386,0.7742733417822454,9622.555399556915,767.7721400552748,0,33
75337.24286726592,0.5876970757463903,18325.265031357383,758.5099354598302,0,59
110197.49446300504,0.5763532454874124,9167.325077693047,706.7148248623896,0,55
75708.08636688445,0.18301168439645796,18546.61954767533,703.9798931188018,0,67
54830.17853452981,0.5003002379560922,17140.1970076656,727.7028885557953,0,43
107132.24502919207,0.24374329577356163,6267.50498713308,656.9148464871871,0,64
85478.07590140197,0.6561962888609358,11788.660145268006,701.5015739582041,0,46
52172.586499770274,0.5084960179855073,20854.54541378313,592.3808227695409,0,44
70720.79749675328,0.6216206480090735,10145.126384420288,743.8227822751468,0,51
56285.66353877148,0.16768019066003365,12826.21458290737,621.925338877907,0,37
43299.32271738277,0.19906245004072753,17579.506821886618,775.1709914214499,0,65
94528.50797718452,0.6449204432494918,18878.34814426789,683.4939953016775,0,37
119902.51919682696,0.18842029563934934,13980.778655289016,689.4166509034411,0,56
42795.97745731725,0.19113159881166217,11886.923809844637,668.6133046957747,0,45
87657.8786782709,0.14887289928389255,22460.489049285243,685.5980563038962,0,28
61409.4431342303,0.8041561258191451,23570.8581256318,770.9265672574019,0,54
62773.550090984965,0.6545457660559895,19703.196617916718,575.609567173246,0,27
61200.81217482783,0.3841246872469756,15451.360350225055,763.8482693044094,0,39
55764.378526085755,0.3533901835566811,10784.356636384226,716.9011740550854,0,61
75030.78195729262,0.37825787396610594,10938.448553611248,639.6489176071392,0,41
57337.12838115682,0.6885845240827775,17718.344836037144,646.2343803475381,0,38
82565.7996816609,0.6147064252087614,17204.308807082038,783.8196513604101,0,49
73028.59297075008,0.27254261734454105,22276.351867080528,652.7246560028634,0,47
68311.00656062142,0.2595388739118766,17951.250564834863,642.332474470202,0,54
54632.62227836158,0.21242313308584745,7496.280803683159,756.8657271182365,0,62
60887.904808245185,0.6054210310194403,20514.05786944322,716.9276438142957,1,30
91240.79387839566,0.6855809526881171,10019.4734682405,653.10372117318,1,50
87225.74026147572,0.32973007530976767,13273.560674916202,710.8312487702309,0,68
54052.626697329324,0.15578802794920021,16049.507387888596,648.7123658179861,0,67
77063.93641702613,0.1972467054037967,25008.63598027549,755.0410699211302,0,58
91961.72478926154,0.8130197086071063,30756.17677616277,753.0685482436567,1,55
37149.489713555406,0.3495028105084506,18007.044445947384,726.6003099410972,0,49
86102.95813157731,0.6747271825136097,13927.112336978164,718.0830530623508,0,42
59308.44946402105,0.5791395499240211,17505.458818316645,788.0594062433687,0,38
86467.23511846675,0.40906755679029977,19103.02035975287,699.9843163694113,0,31
58177.83058412142,0.2835134455840805,13233.810596929645,640.9062937289599,0,34
34054.72738665558,0.22657787697013854,24007.25592199685,722.4736956416153,1,50
38989.71592841892,0.563535628328839,15967.155202213466,804.3023524768557,0,62
75089.74963498095,0.672941358710531,17623.878377242407,649.2620253407074,0,56
81469.3478252951,0.5883934854673366,18055.50549502958,681.9268616653007,0,56
54756.00775013254,0.5050408661093256,16862.769377534703,720.8223019050727,0,34
90602.63282272036,0.17269246050575218,19166.00127133356,697.304757549713,0,48
37339.994931664056,0.8143067128296777,11838.64092618125,650.8848209811342,0,69
74250.00470527097,0.6868418328897623,12160.501960644297,756.0928928115236,0,62
47983.9878569426,0.34256072718303227,9563.57172809693,816.0020361008629,0,45
60597.2028512338,0.8348067282888184,17279.203352723078,709.8065729511953,0,63
75259.06618173265,0.5598073516170166,18860.918440425357,654.7965855132,0,21
55083.65815790466,0.537902078789721,17315.739768902073,622.5519737473262,1,39
65324.142032679905,0.6715388233502801,23742.353818383457,712.8987990610591,1,34
99375.90269326458,0.6982238846434565,14912.463283268442,755.1938671658129,0,23
61771.318936750686,0.5944591904438031,18265.601540109776,723.758387324769,0,41
93870.27936708601,0.22708254653639268,9417.427209352789,699.8798079540574,1,69
50039.391052988256,0.3825718103434084,12813.1464161876,670.5364174105347,0,57
85375.02691512622,0.8032595687149229,18635.38368265437,645.3918183640956,0,42
106652.68390657424,0.2983656694993996,19428.303297827464,741.737566316244,1,45
19038.176572148914,0.39436571923893915,13263.356023038525,745.6885810692793,0,30
55937.596137217675,0.44263181126030293,14572.538148687368,622.7135106654633,0,47
88426.6031237978,0.4419207651040974,7415.664693444806,779.4919489090341,1,21
71019.85886204508,0.573183338226489,13096.241055172117,728.7035610447001,0,27
83323.52059436476,0.8045443561832092,19298.739605864557,769.9797322572897,0,48
60368.021764805344,0.3114978433437876,18166.187836769263,632.8936125757442,0,30
77702.07860692589,0.22727479586032676,17771.794664605524,631.708792229228,0,56
71587.20499263718,0.27728347125612823,15156.91531805523,692.5515345116352,0,37
103008.4971626933,0.7731591923110585,14823.397463507,725.1392213447597,0,69
79945.78380782582,0.5887085842565688,11701.781630390242,789.8180411463482,1,33
83197.15666731115,0.340864878379411,18796.582116535592,735.3039456907566,0,29
65039.22503358808,0.7063733263685906,16933.410111855523,687.8659361593983,0,54
63340.04999340296,0.735229418292806,17665.706735276995,648.6815396167054,0,28
64998.065778955846,0.721230504378091,12400.763971988205,761.5000286359575,0,54
85123.04477029812,0.7957886089294005,4218.805678735711,651.7647287124643,0,30
66160.95227564016,0.3151611074383846,20252.609918823902,781.423427738616,1,63
81410.74029620342,0.6765013397619238,12670.768629264996,685.7807675196746,0,31
119938.25596775267,0.46705336957667537,10779.026860623064,779.5291036308926,0,22
96277.8494550192,0.7226460902829512,18607.873790172634,733.946564502964,0,58
68514.66458544883,0.6601475759793713,12873.945784022946,693.1502255278771,0,33
100636.73797375496,0.6713411941792726,20540.15167154632,674.0301814086937,0,47
65014.71111944119,0.6067430001092651,18254.955434203155,682.954606132696,0,30
29508.903812582554,0.2651290935453128,18297.749711764685,721.4158346187619,0,58
51626.53907694454,0.5222269131526229,8270.544867788767,703.8578248108859,1,44
32482.158191287817,0.8337205180950252,21175.33623198484,670.3094295965648,0,40
66524.0249856109,0.7890286787880147,16279.138818897229,691.7184294841184,0,29
74651.03663706782,0.17002118395011623,13181.229647583968,703.9288514859575,0,62
113837.07243272322,0.2565908126639644,15539.120642993015,593.5632952792594,0,34
82117.13166100343,0.23516103103491626,6017.468543457547,722.9084057394349,0,38
68775.62045550608,0.6601698035103633,16777.68297487479,651.0139387641597,0,67
91800.62128904279,0.7012993073880598,9878.138296289731,642.3333798397127,0,41
25589.715294273083,0.2886237826044714,8224.159352008855,615.6327826444644,0,40
79650.2100616981,0.4966439959361547,7464.597808691818,610.3053751066054,0,63
92892.47298777162,0.7307849091057236,20861.66433762589,632.2276248443856,0,51
41498.8379358111,0.6586039571642128,11800.902978259232,664.5489521184754,0,69
100985.52545119656,0.5094997253165333,22611.25557333203,797.6629568763284,0,42
83100.00219623203,0.5573251314191131,12361.510725594771,673.7060162052398,0,32
66773.55728789531,0.4959708094688071,6452.159280424128,708.8875053134016,0,24
87981.9845207719,0.35009762688500795,9265.63936387753,720.0240693253164,0,23
127844.54415390121,0.5387252187684822,21017.354905055978,706.5532593107924,0,47
80291.64052679614,0.6324477327298086,13972.46154179328,696.1278269637003,0,33
81311.00426794002,0.746366017007584,12329.669226748898,640.2353118200377,0,27
63696.9019705054,0.5896301641199561,15547.408626855984,772.5463774139606,0,28
56057.24560650704,0.6760087373213246,17259.76718731398,790.3598321818943,0,54
93900.2829703367,0.25123197925587076,20984.95380107222,615.8670652938657,0,56
56805.64402247047,0.4705650791952745,22198.898532140403,648.798570455681,1,40
75485.15931950415,0.14591860081302474,13022.402539674997,686.0094828811497,0,37
63347.161205482786,0.3175426366385777,8217.406810208713,651.7731102544905,0,52
84591.56480378627,0.6536915487452372,12825.335067401682,725.2982776727932,0,27
82310.69352271513,0.8239163435926631,16084.567402078248,663.5863898796694,0,68
96573.19311562403,0.20793864867961567,10107.543841373088,808.2528033903301,0,36
64178.130433690516,0.42834480701538885,10410.741773111762,759.5274297171798,0,62
69845.25272897627,0.712752173826083,16624.97855007007,710.6287015316108,0,50
52252.3161683487,0.27743106200096024,14474.354071441136,751.3493131659866,0,53
63785.6988074337,0.5349929030847613,15276.447678084256,755.2950212178655,0,25
82833.38167471178,0.6568969858210412,11022.583423663602,671.8026255970879,0,41
93808.22697014037,0.5716426029315591,13991.520187210708,659.1891377729017,0,33
53558.943895197066,0.2720552422534982,10407.875988286432,703.9071531484824,0,22
93417.22306134916,0.38980554499959597,19774.41775398858,743.0818062248972,0,31
103597.34632423706,0.6990238894025746,20294.727395176444,706.9530199326708,1,55
85683.759853585,0.537242196440319,5722.627731149939,621.1501758904501,1,31
115629.1370501869,0.14151045170585846,10201.847537115536,659.8587778024579,0,64
58325.179884773854,0.6656261927503286,7557.811287100341,696.3013568202811,0,21
47598.35114940991,0.16773856196262002,11816.09884111968,696.2167197837085,0,21
35446.5450825798,0.6663122954521142,14315.606481492005,798.6271088394903,1,34
109128.28404937332,0.28575549900232494,7875.694191272012,630.7006028800502,0,42
89023.23597447894,0.8157809975434331,10458.1740993591,725.2794620917937,0,48
74459.99148744583,0.39648593439608815,10091.650930302229,774.4556554164145,0,36
80102.84520604982,0.3662890389215019,16155.920278868534,813.5724872711398,0,51
48866.184350855445,0.2436084874789682,15632.614357201106,679.7801288408019,0,26
128360.50744195646,0.35359148520725975,11577.28876102369,724.57147263601,0,49
78019.65611971954,0.7479242405447178,16012.11117788143,728.4880178599324,0,47
76360.47484895498,0.8330625808404414,12491.78238391551,709.7740865776645,0,33
90487.69141266722,0.3992276167605831,13834.47319097944,695.0577399380347,0,63
86778.98020921405,0.44526360337910076,23212.371224734117,721.7987694750022,0,49
78827.65488955354,0.6503285640148244,21320.8653891777,573.3876957390157,0,36
57968.10080902122,0.7580055417835306,8605.929241066053,734.1034745031316,0,51
84078.20576677582,0.555747535919258,18874.848813973156,706.3088951830983,0,65
116240.49139454635,0.4103783487260747,19126.89056223552,688.8762551610868,0,25
103167.91764938734,0.4249408314178381,9258.63162744898,802.3431097859778,0,43
111578.66480983378,0.624311488708069,19186.66441254941,666.2532990604724,1,25
63464.819612572595,0.14428175707306928,22951.02603417511,679.8462005467485,0,46
51736.668126817065,0.5645058212212444,9541.369317605222,799.5776651102367,0,37
70765.25390479548,0.3929337926732271,10410.875847739702,658.3969347575072,0,43
76767.48328347979,0.6870340043621688,19994.90446929886,672.4942358531731,1,56
101190.73937217382,0.2070640228624398,16460.366338536136,692.6487288284575,0,43
37122.433344451965,0.5608766403910079,17574.147164327696,742.0367241064774,0,57
107882.69221872007,0.4843287237546221,16838.48588631996,710.3901253676656,0,53
71036.89106801496,0.5911483847307656,17233.89065922927,635.3687326423869,0,59
64396.80311427014,0.18797976792822485,8237.106450799998,673.3915718436406,0,66
51227.701447889674,0.5567978305397634,20542.249647025423,669.6322783393895,0,34
37049.65717471546,0.5230171408205186,20936.92203321096,696.1389477388477,0,30
93648.95997877735,0.5226092643652842,13991.25366525392,721.2921829314914,0,41
75818.02870632248,0.5554205559107983,14888.300704402352,720.9102877943986,0,43
45182.05494031073,0.6246948970064059,7217.0035172753505,611.1994122975799,0,20
46769.88201119842,0.7068013603444413,17507.355629224385,753.1970493780428,0,37
67585.85996645258,0.33475936429774744,17877.596889356235,712.6284422998311,0,63
112304.52936069397,0.7261920780358887,14466.425693622614,769.2266023796954,0,31
67838.82220281931,0.48518096704015357,20556.098645965016,722.2099163645336,0,62
41355.86012135606,0.1916150679932156,13491.81816014256,755.0661478867881,0,47
68582.2330056587,0.17874271980750694,17830.226909801964,723.3272655725063,0,59
68902.39723965482,0.3740337935812639,10074.031344439036,767.3112878101374,1,26
14132.865981646393,0.682286796861113,15055.906205659196,726.112531800889,0,42
75034.18131229117,0.6434297906558331,13985.30086040822,695.1042376778548,0,40
68643.38036687032,0.6964231154480871,15856.985418778218,813.6217360223441,0,53
89736.79386855298,0.4931534333712516,12959.933242593215,744.4518561139946,0,30
115980.49099557364,0.4423192565231909,14256.100853954844,728.6872210502206,0,41
100234.4786413444,0.24524096698920025,19366.75699790476,636.1847791730831,0,61
68529.22946385683,0.36332105943529897,13055.888331460354,635.5846191268231,0,54
50019.09359489045,0.45176441568754155,6927.899703709469,714.6357741070926,0,48
134051.44561998433,0.20265908030983693,23796.924717890757,707.2760598884121,0,61
77627.55805449143,0.29452838915463303,21498.69944390692,669.2938717495842,0,47
74054.40848474111,0.5654326712882024,8472.866450534408,707.049134980603,0,37
75703.0953859992,0.6658231171244301,18512.66117142073,779.4313464021798,0,33
79053.7533585904,0.8234513881248627,12350.732430513266,734.7701237275149,0,37
72020.55910124237,0.7846417914873365,16578.023569755762,642.9495745123631,0,47
61887.5224209256,0.5839970327873429,16693.68920587502,694.4245586428528,1,43
62925.386251386415,0.4276604285575887,13589.551973992984,659.751675957372,1,27
74662.36715401453,0.5762884735838567,11224.00654563918,680.615004179572,0,61
62609.41245578756,0.7025310418086297,11644.422319393045,679.3192167185179,0,64
57915.90735790207,0.2208445069202901,10602.840089604188,676.1177208697998,0,27
75872.46125017153,0.4344230423804096,10717.50199355826,637.2432314013303,0,23
68896.79306114666,0.7412702243427757,14924.494149331767,693.6172659240905,0,46
108170.0868980602,0.41181641321098206,11271.15205543029,671.9696181576345,0,55
15550.5558937979,0.5315196341715251,18451.665829702357,553.5275654998866,0,24
99437.34889320767,0.5517444862024151,22235.23413370223,802.6486012250831,0,52
104240.19917560782,0.2702383972827956,11992.01841586233,754.4384827108336,0,68
28111.39900513671,0.38814763608901476,16154.716416282354,681.1849637537503,0,53
66151.14345107833,0.377205134541421,17234.554974386905,700.9409524870299,0,49
67777.91156039896,0.1596980039717699,17456.074480955776,641.4172826341219,0,27
42891.96230965863,0.1600262686577429,15293.650342995605,784.7861438905433,0,58
56406.15495583929,0.725627291320833,18698.650516949227,794.8644347386555,0,66
50931.57548456046,0.33343842018957465,17631.493391870456,707.8346864123263,0,45
112585.79515630033,0.5120320418504065,8818.004700111993,751.1765322092672,0,56
95156.27752495969,0.34897873585725636,19611.80936782295,708.7643389466962,0,53
102806.77057743863,0.8116686681844237,19431.329697226785,633.1637280562035,0,26
91840.1331929238,0.31970383692116966,11148.020709279725,679.4088315518171,0,59
49251.87225519345,0.44554177606564044,15315.0714719304,706.5963983385979,0,47
63425.936766026076,0.7425117647608137,18746.518674505965,677.2726140628278,0,58
85746.85742923683,0.741955530373255,14142.98969512065,689.0673361282481,0,58
47769.19140681242,0.2707198204222947,20679.843152263187,695.4300221245443,0,47
91623.02900919293,0.6922937772764493,27270.57881959449,695.956075106727,0,33
70916.62032470971,0.458514189766524,11005.729812586966,702.6129245248742,0,69
67648.72761212382,0.48243401243964246,8036.1993656441555,646.9697466801699,1,57
91567.35091111562,0.2367754791339459,16201.946193254118,664.1491925436032,0,23
86474.17800723833,0.1947902362224308,18971.18408068958,635.7707867150016,0,61
66911.33015649143,0.6567965292723837,13636.730734144592,748.89077748431,0,37
101954.63787093468,0.49088089345261593,22250.626651623872,594.7176529079837,1,63
51547.13902389504,0.45033785799112597,8434.663086252005,757.6795171658463,0,67
88905.12287535571,0.6569500930977024,18479.07000651545,769.3174698631422,0,44
88891.14380134127,0.6677277761831899,11876.386954868742,684.8909706508689,0,26
66692.96233526591,0.24763172312618698,23260.046022666636,569.843145608635,0,57
81278.69315739734,0.5782241720351906,25345.83178923181,681.9344719016354,0,47
46188.567120659776,0.2353926815850929,11282.912083043644,696.790791935559,0,24
94467.29701188095,0.6630734297267934,12470.427742051465,649.4700890035543,0,22
72167.09081149206,0.6056240620150112,19166.40735150874,674.2390803095878,0,63
63558.99350418391,0.7988654498443736,12921.560041966835,776.5097599431675,0,50
98574.04564189902,0.18663418877158608,14663.917956565689,733.2463581150871,0,66
59996.28290231526,0.17902425814539,15306.576589812332,653.771794281095,0,61
43809.49100196548,0.34332095797779627,5344.952383908155,620.1200415202284,0,39
39544.58186381207,0.31851135441066236,14672.413734060245,683.6491341195115,0,38
87659.45321567944,0.31770108257175356,11350.300103454265,689.3271610324781,0,67
45988.17508887984,0.7884823288687505,12545.976823849312,724.8099593681658,0,30
114934.55538569085,0.31761826228954076,22577.424268399496,673.234164371617,0,59
28711.50832275438,0.3358693430997686,8891.543463426338,725.574978768093,0,22
115166.42158378608,0.6664574111328744,19123.034433521683,796.7577020030114,0,42
79746.53279921388,0.4632597520556832,13475.216398270137,740.7750511222131,0,26
72935.14020715334,0.6870714386396095,13748.525620505745,697.5955746334614,0,42
63386.25281016025,0.18221139363436478,19217.62980913439,690.8424764473352,0,26
85554.67723879094,0.4894427048618336,16775.133192341276,682.1663432910065,1,65
73234.50092388285,0.1634235001053991,18009.448639361122,759.0320456226073,0,53
100894.16856451464,0.18558683599638867,19598.762529352483,668.6343277024348,0,61
78427.20946689665,0.768537722919202,13083.325572561143,702.2611354499991,0,38
78839.59885540405,0.23367028539740073,12137.077027705223,702.5598950940542,0,28
66429.74222377228,0.5037394788859683,9494.941296279205,674.9107903594233,0,67
73174.30420088625,0.4345082686880968,11088.46338509507,631.376722605795,0,37
81835.57719839265,0.38278322537762266,30011.88629747421,716.1487251808834,0,60
36114.140474787244,0.783191918755072,20972.85316197992,696.9498014072308,0,67
45516.40762295716,0.1566915242827886,8291.225042401955,725.0120234718285,0,64
93456.64799125255,0.605868888009944,8449.984317636123,673.3199846780417,0,61
79703.19443121715,0.8131637810138481,17565.62099629405,761.0410649406524,0,44
71637.1832137654,0.5388470876718693,18039.650863383737,656.1613109394077,0,33
76847.21542264988,0.8070469169103901,18065.07175996834,785.6020142008946,0,63
82280.83269381837,0.17902590115828895,13558.790062149852,612.6181745085869,0,44
63583.46342226949,0.434726528383645,14269.77292684202,721.7385032278446,0,38
56641.722242516174,0.3260602879133334,16460.563707338428,723.7715341263312,0,58
79751.3958299902,0.6626135130257684,15565.192698132209,660.2221466029558,0,34
53376.68910825148,0.8409964952835373,3879.345114320613,721.2196968930506,0,35
83853.06469111943,0.31384349971342185,14104.511336713313,763.975933488008,0,46
36423.09976338445,0.5877103146598683,10879.841266560932,589.1590580322968,0,59
96210.29289927249,0.2731376873270253,16102.875586493152,725.1372403745407,0,29
85307.27639916982,0.5269650756826808,30396.770793703832,575.3364589834962,0,23
82367.42276538906,0.4628765987356993,16767.804400545607,651.7167598238395,0,38
95717.38860017652,0.8067555378700875,13540.27471882349,781.4583182450473,0,47
112927.40428512203,0.5701860872123733,19373.991314997154,670.9108983303973,0,40
97850.22718560322,0.37881789064238236,17557.947111092322,641.3060017795514,0,66
33392.342896834176,0.21614238714957518,16956.406433836848,690.1031135507659,0,33
46424.92531664268,0.2461018098793248,18394.372478991456,803.3953169081776,0,52
61961.78281849145,0.2937757018411629,25509.318424155696,608.4158876396987,0,67
74766.83763264454,0.30995393300145285,9497.154586042325,647.4345044180328,0,29
87920.01640618668,0.7313373743639828,17190.096403873922,774.8715841589814,0,38
57943.412123697664,0.5254034238710723,10233.937257730327,792.8851171768866,0,49
80130.4118402821,0.49899404739206915,17934.657603837913,694.8284387854858,0,41
58291.11488981726,0.21923649580972424,10538.910801060692,638.0473648736679,0,22
61065.15363265821,0.7386100865607365,13057.554569985774,804.7921750904579,0,56
44048.35253431544,0.6495284610073911,13661.759583122235,779.7221195874598,0,60
53688.63785295423,0.1885166838828795,19573.63668277765,733.9473493881117,0,37
44405.43951062365,0.6261660233094498,19609.97201141629,659.379882553129,0,30
52039.8572905398,0.5271265540866712,8912.142030919744,697.5485329580981,0,67
100561.67715289549,0.19668479038817924,15480.46890102288,691.9819959477585,0,21
52656.989262593765,0.4674426353569476,11622.719219362403,716.5425652307789,1,31
133965.3520406973,0.4710196960071653,8722.102694727908,772.5500719065668,0,25
86038.88180102312,0.25665352148797815,13756.111418821589,743.9708520568702,0,62
80481.09309635319,0.8002086038860694,13540.080060040453,646.1311961507621,0,59
55073.99159520534,0.7247405948462325,26729.823864811533,768.8248225009769,0,63
91177.89623453325,0.6036548707928865,16864.36524922536,715.6566070006578,0,48
62976.4679761654,0.46354495528993733,8204.187350227969,734.3532897929458,0,49
76263.04554560127,0.4313975041529101,12047.517521401556,773.3270429639301,0,21
135173.3956021815,0.5857977125086046,19985.864310839446,644.4209875243224,0,28
72352.3627707052,0.5164036975125502,25849.087287088107,698.2087210646769,1,66
99387.08462059517,0.18097924356857562,7077.112246039847,673.4272724320392,0,21
59760.78104341337,0.5043126521154998,5626.008018323854,621.6070287317273,0,48
75665.33879468979,0.6940637752707449,23943.51358281812,717.335498880246,1,52
115734.6007810665,0.4530326604530506,16889.23260168092,825.5778275792212,0,29
61543.72085385729,0.1736380039673573,10500.751216594515,607.9961127747124,0,53
113750.09383517667,0.6830830851557056,17946.779550396666,698.3859694475265,0,63
90408.71614128223,0.27933306076590203,1849.0226433981595,732.0271467537386,0,27
62856.42044011464,0.31842481224868086,15061.498384044373,706.153910082809,1,56
87684.17193893308,0.25107435514459814,16413.98230913076,694.343597374213,1,52
95569.5705245084,0.3744711253639053,19349.668631632467,635.0391818277088,0,66
90756.53525389638,0.661628374004195,9940.593439072592,711.6393371470082,0,25
40432.42373874588,0.49762989096155474,15163.072579878044,662.1618011492037,0,63
59428.03685724995,0.2861933837173033,10205.031748859554,590.5039147510723,0,59
68611.71818322036,0.7499797860553645,16592.651819589657,759.7296110256865,0,64
72343.44060030606,0.7461474694448879,10463.01450484304,747.9192909921021,0,38
88972.84906027188,0.7522493442057651,12991.83050614739,702.583048842554,1,51
78558.07408656603,0.30763421334913005,10118.164526574505,711.4537344102852,1,46
44841.44339299378,0.4542005353928677,18317.969145984807,753.7159006357781,0,20
82448.79266838692,0.8304409807371121,19507.958430872797,711.2169828389042,0,62
87553.05961291911,0.6694672576714336,13727.816302988267,745.2008777380657,0,52
88325.94229683712,0.15727722886112258,15258.12149724605,685.1258899563074,0,59
99173.05527083555,0.18728515423468226,7715.386153549347,765.5991869286973,0,51
92420.0252023121,0.46442748909544745,13486.014822848698,716.0392862966341,0,24
86272.39597414262,0.7734553531249324,14692.663416071628,709.7025971802937,0,36
74675.21165687418,0.5272457067713627,27825.583768350905,636.4969455643984,0,27
37136.2104705513,0.4804901101969103,9620.388586411682,714.3477927150855,0,61
84875.91347936004,0.21762315930378534,21876.703041027435,658.4022541252774,1,53
81246.81208367897,0.6096651480161482,20003.5792838748,668.0858636735753,0,28
79687.15011353562,0.7139708115825876,16479.345430886093,659.2312185841939,0,42
45348.84434345837,0.4070313023868967,24211.8612521768,646.6882534050387,0,54
50449.19816633525,0.6784819598231665,16994.19984887397,806.2385701508481,0,69
98307.10275588237,0.8297101138443596,16792.80119919408,766.5669530994202,1,26
75331.69195878012,0.28548990590520074,14610.345534241842,796.018375107213,0,34
91867.16473812226,0.5014329486533431,20872.004852374444,638.8552490222218,0,39
76698.0252780229,0.34246427030007737,20591.1384913608,703.5626874955447,0,69
76896.90210518774,0.6814259983409539,12108.892634750262,635.3246187397953,0,44
96652.28606656753,0.5419173150404638,8566.619900189791,665.2152561401468,0,22
62504.18118806879,0.5779539351059656,13745.39050082334,654.0936508291712,0,65
76708.80821807012,0.6946626942651287,10832.461164015607,761.9792003220781,0,43
64121.51164452813,0.41395851832343555,14821.96350726262,680.188516094912,0,53
64968.69346622168,0.7900978472912403,20978.201725237323,753.4189666847008,0,65
67408.90965684272,0.5233010410244578,12810.599794465508,730.2060444794259,0,41
80173.84185077946,0.2545429836761413,14753.610829283314,815.1819376052395,0,30
64114.23911153281,0.6393432910192026,15510.026891177393,626.0277888430138,0,67
103302.9771319117,0.705174699822286,19169.152614371826,762.96166198934,0,27
55901.27394684204,0.363867818966101,3732.875573651376,757.3220435200363,0,58
70933.82408112919,0.7487281608749675,11842.131095736791,651.3310580986483,0,62
66026.39920230504,0.7837768906341038,15835.231969387396,750.356666823658,0,54
106893.23447021857,0.33139054427793757,21240.80054176337,716.8072481513115,0,68
79163.8455192591,0.8246027915780703,12482.287198615804,688.6261870023296,0,65
97647.74779575907,0.23622987470458068,5619.862536160479,658.8032256514,0,57
41157.08591610467,0.27959317503224784,18128.07314412979,664.0445274275407,0,27
81251.24549329715,0.26555892359134836,11832.926232995716,802.4906047892963,0,56
94503.1406678558,0.7633806185276779,9150.879535677432,700.0341409478741,0,46
76334.00431357758,0.6024691382360319,11991.587129801092,739.106500076573,0,47
100462.23745388414,0.24926771317533636,13799.929556179432,660.4550309166224,0,59
62277.31256114327,0.44430257925342015,12092.552184366445,661.0073526889181,0,53
106986.1223312892,0.565371633001733,3924.517381530166,754.0992404624972,0,51
128003.53528999191,0.20089170225321945,19729.591231765567,632.5211894224234,0,34
66894.07804130367,0.7447106941675132,21414.51302898904,679.2393116047364,1,63
64469.42446781745,0.7145070039017442,18048.808557847216,701.7013705536116,0,36
107894.3889536084,0.495747722057245,9447.29502398438,705.5686300920026,0,52
109814.17760813519,0.8188748685108377,14114.879663435737,691.0453357491922,0,66
63917.01159638927,0.42648674537840386,14698.527891310012,719.7909890547961,0,65
66855.69184073867,0.8363560600321444,18094.20981908149,734.6427877908906,0,35
69335.1446014711,0.6195180863958072,18100.479201821567,736.7318772729665,0,48
43917.20210154072,0.5732990267949475,11359.415526765397,650.7098095666087,0,28
54423.74163700479,0.25518526033309624,15452.897575362396,685.7922451035602,0,52
53367.88621297026,0.7500874098942858,17509.899927207975,759.7381430938469,0,68
58287.787219087564,0.43072707510707925,22242.398508950504,744.7323593786937,0,48
74057.50021471927,0.24879926533456553,18226.56200254717,631.3570274259469,0,32
79268.45541262643,0.14738259029744305,18776.261322631985,717.5739950176101,0,40
110163.12886559402,0.5391784575935266,15362.010520994778,601.0887375312595,0,40
51847.83963459592,0.5040501145241134,22370.493890982645,702.3467451030185,0,24
96590.19863540764,0.6433597336566564,17320.829172157646,794.8883508372988,0,29
69259.48200446587,0.7653132535379875,10558.159240596073,652.6053641365506,0,25
73119.98620611857,0.19252801734029204,22135.96132821121,658.2838477254209,0,32
91922.32137618406,0.6397345566635035,18642.40590798385,738.201489078643,0,20
49027.16928357605,0.2755071681790547,13019.62010266411,622.8599242395177,0,39
84429.65100855907,0.7276368802535265,12774.328671069288,668.3622485057481,0,66
79435.4151486042,0.7129389586867128,16251.92504468748,729.8220568790877,0,65
86389.84028018021,0.5226463094968612,17335.816525304017,668.2857076155299,0,27
82409.22999216687,0.6473621746628891,16214.740536790348,688.2015006394514,0,29
128706.73349510468,0.36332497304803135,16233.962572582936,737.2092855157517,0,28
60388.14442404152,0.4715215175978958,23740.319664498093,721.0773041768281,0,68
63089.023970981594,0.7030371795605305,20057.64339457764,713.3409198147701,0,60
61879.19012560512,0.4621220700888267,15864.69356738658,683.0438860364981,0,22
62988.57730966718,0.3873655325111042,19596.38488891872,718.5030557634477,0,30
61532.78423439084,0.4868950224988774,9948.02539155358,693.8133659950122,0,31
102551.37102010737,0.7154398858623175,16993.973604871233,722.8902804962893,0,29
106184.40971772438,0.3729742947144995,23785.602441064104,675.1533987441011,0,44
63184.27456285536,0.2656845388486338,14178.226793727606,690.8715512810229,0,68
56118.444413412515,0.6349038127506372,10561.06323803261,650.5021103723993,0,68
86655.26927625482,0.7245215574042577,11688.312261162562,698.2496194996882,0,44
61783.2399300705,0.2064235942758465,9416.98229822111,659.4499568185578,0,30
88925.66702668891,0.31026243888664345,11008.773616264123,644.2976774919003,0,55
79170.36952447379,0.23902677314047224,13356.27925784325,712.9330573927695,1,58
41278.92061707673,0.3774602469267508,7945.794393430695,710.636988792883,0,45
111201.82318440283,0.455519237569838,14807.784762439089,739.1436867474287,0,33
113722.77868447322,0.662855136772362,19763.048702372467,678.443721521245,0,58
62419.43561168201,0.6069441080684332,10489.214072294064,720.4026423418378,0,59
66658.04738287478,0.5658126365977917,22586.64069743431,727.5398786136832,0,20
80568.19220136899,0.39250837597621874,17453.701292578975,722.2386903915798,0,23
81498.11065867232,0.7236048715693881,20095.606963498874,658.7173158598929,0,49
89876.10428035213,0.4663975778107256,11766.352306477824,707.4681741135595,0,31
119779.90961354235,0.811739961708654,19647.006029138884,718.207014802733,0,54
69978.17439147316,0.5903141438987979,9500.845372898824,700.3589233453971,0,32
57521.54938064785,0.2313047460791299,19119.678337330297,595.6761170814458,0,50
43750.951108845264,0.6173335371785895,16151.853524260188,708.024481198674,0,57
58354.09174307239,0.3615211453598017,17907.878049408188,810.6265519698621,0,62
73565.33922703232,0.6105253166422268,9055.480857621318,681.9980365621509,0,42
115136.70740761855,0.19157435779914278,10423.881900035554,663.596145107234,0,23
63571.45773699617,0.2658078455344631,17865.863034192207,718.6674279855699,1,35
78953.52695356781,0.749859990287985,10136.70684128829,715.6189105233286,0,26
75714.70030420035,0.3040569202914594,17409.693681681187,759.6367582708207,0,41
102022.94012198123,0.7270768631194869,8059.384537880837,637.1065922045556,0,48
132120.7425154376,0.33194386334909826,19423.177506684857,736.5690126287496,0,30
63162.784973795395,0.597632051342973,9005.002991125863,729.5211030625732,0,52
65254.84899651038,0.619308036353172,17685.02372868302,692.8926731529727,0,48
97951.73527896698,0.5019775409406514,18355.417964929875,716.9343658960845,0,58
88678.05289684837,0.35348932045230524,11340.841172460352,751.4728740799179,1,31
117889.85121386059,0.283992795880295,18072.38270493626,743.6157690014226,0,26
86771.27498267309,0.16239753465219453,16269.798345078576,642.8490343963135,0,58
65821.47274808702,0.3478949212730428,12368.185108863026,741.0079093377742,0,61
89150.58958728325,0.5925866108821469,9797.048295978146,696.7655697483741,0,67
99194.06912985351,0.8066594775494799,5158.662993870854,703.6437049007758,1,45
92274.22262896024,0.7451487772946255,16454.5159448793,703.6598495500847,0,59
87301.32555963857,0.6630792742506332,7136.408704891577,692.487850560087,0,28
97242.07795424924,0.6855194164634585,15464.673815075605,759.5853748553533,0,60
100615.19849669392,0.6131454524123915,13738.014970830109,695.8141020075394,0,53
106161.9055236291,0.32695555096489837,18522.46979432304,644.0226935808415,0,64
89095.52155207482,0.766495757446739,13367.517840861225,680.3235072015135,0,32
72449.74506811055,0.6175609438152562,13406.93372595346,708.9347358405238,0,55
78546.16596093027,0.5324692951986765,18498.349367360017,761.4607392148525,0,44
101695.34928827058,0.21825338696443028,16995.399465164202,730.1547342474416,0,43
55674.2509113612,0.4529819623989822,16437.2679250774,657.4732360626479,0,63
84859.2414546738,0.46153541585294205,17284.35660163934,824.2594958339446,1,36
66385.40368838406,0.7426051396577374,7264.887115834043,713.238765548899,0,21
75532.25774285322,0.523545330248292,18860.67292479408,763.7695368999507,0,32
102129.9370555251,0.40700036122737293,18116.18292999864,692.4142783211386,0,50
80806.58603770164,0.8163097662504092,9857.016417984352,726.6679622352725,0,48
75448.26461288522,0.21592653113037943,13705.727766199883,741.9734252259202,0,69
44848.854635127915,0.4439227568116059,15064.493125210503,760.9097355877128,1,47
91786.80583852842,0.16676054008534183,14543.42199536981,752.8684152689112,0,46
91134.5314947718,0.6700565852424245,16858.60076438478,743.609850003649,0,34
124084.63592866636,0.79364616057638,21849.0421385544,684.2456634402946,0,50
67124.07384912133,0.3419471518597747,20696.947408570468,671.4126979021969,0,59
81326.85494829877,0.7426642870754253,8600.523910920634,716.6303755162098,1,34
80250.34288328803,0.35117563838706156,18430.030082997277,746.6564036170535,0,52
110613.79732944528,0.783828223990883,21303.248818763503,688.8639649611697,1,39
73451.68436118212,0.6697537366843778,17265.12879950156,753.2585982857194,0,61
80018.58299108675,0.7027045674872021,20368.17752500286,772.630837274309,1,31
88188.42571357761,0.1508654617176949,24602.55814679595,654.1839540463291,0,56
79187.34884065804,0.8105706632567825,20492.48415557492,658.153964810186,0,28
65976.03271050283,0.6357537275276954,16508.81649597953,692.9812470547332,0,42
79111.76141545967,0.34647136046505417,20207.478782380527,715.3806334094598,0,27
97290.91261978737,0.7110032688094751,15586.921462317228,673.7716493116475,0,51
52492.74681137281,0.3373511038631027,15363.183571849404,767.6101339433573,0,67
79017.74463791333,0.7621694529518452,13220.175001069054,721.2033430759226,0,33
58973.45878774201,0.21783949204721773,22675.072586154867,701.972352412037,0,46
102411.11636024303,0.645227129086822,10941.635235465728,628.2045238065737,0,44
40482.46499663805,0.5204883328388386,22236.708866448706,634.2092091786246,0,32
61963.532886141336,0.20815260741776717,17235.67348323087,714.0504625140903,0,40
82326.67004954419,0.30644253267245547,8139.41889302567,593.3702186922582,0,64
109103.2068950849,0.1516406459642498,16587.521725137645,750.6318704822036,0,50
73162.30021654814,0.46261534253947445,4547.951125946429,692.092307781384,0,56
61385.37158605223,0.3441272014874277,18101.26194904177,862.1546484797367,0,67
117778.19996757354,0.5635318426616897,19534.92699230305,815.3958125308055,1,62
41741.98687950453,0.3505662882709967,12230.306872547337,690.9275465376242,0,24
25314.789494720535,0.35205254873508185,15383.344137024236,694.6831498734342,0,32
86377.85143633396,0.6681214360100802,24356.625338078225,749.7790757001014,0,47
62712.46301822195,0.1731668393197218,12511.754152078236,785.1586304959019,0,62
51203.29556675193,0.7589585814276884,9712.35213303451,618.0985471281991,0,44
89513.56557924964,0.7253784197034543,22687.806577316314,610.6812267322657,0,54
81974.39415342726,0.6079149667050979,25287.914238568374,668.898259722281,0,66
61699.341085383276,0.5576470947827794,14763.109351832454,729.1368791586932,0,58
45733.46636250033,0.7770974821482017,20140.92416212994,724.8436795253799,0,26
96145.14516167708,0.26782204653157826,21920.491089564945,753.4885727491925,0,57
90137.82510691968,0.19808124547172737,11201.514233207186,640.0151235817345,0,51
71680.25410510083,0.31378113253148604,12366.803520911117,584.1928068515562,0,22
116758.87609909788,0.7077106267035588,20951.2590046522,742.9007097651073,0,64
50806.43319283467,0.1653554408704587,23665.535955874173,658.5901863517382,1,58
41056.450606477694,0.5403631297916112,17698.427991581564,599.0756067805681,0,56
58364.743201681806,0.8465385960017876,10442.182506088438,707.2531872979691,0,69
74535.88806784133,0.7258827563854247,24487.099453789207,739.6587844109339,0,41
81176.0226793623,0.4999524319950138,12541.605671861593,693.8971433939362,1,27
68751.03918168216,0.18749324120579933,13123.87688587134,677.1075806908756,1,36
83144.80141622371,0.720196839127226,16639.18233809081,692.0318883927047,0,46
47639.068297613536,0.5658823780995116,22872.113699335005,681.4708618799608,0,52
106863.85237467985,0.2242454292570128,19173.25315007132,632.5976444029916,0,65
72106.06068660146,0.20893078883665436,17154.153354794955,664.2659661504784,0,36
100890.22806577267,0.7889258003717728,17456.140475541786,726.0639952506907,0,61
81417.97621726578,0.6196872382335962,15096.203275529784,716.083927068825,1,31
86458.35756823124,0.7218994461645958,18030.322590530934,708.402990298341,0,67
89153.8819324672,0.7403798967790025,2381.110431648579,650.242575907331,0,65
85978.841652067,0.544232768090243,13301.760684598692,690.9248418932167,0,46
88939.30487807556,0.49754355104780984,16025.680022425167,591.1467476778573,0,67
103771.7415073691,0.4465597844388242,9406.052037215226,708.9238331942695,0,27
79115.75356993823,0.3663129705482665,16816.553070420177,771.4428853906784,0,42
90714.38184080599,0.43675035083098956,13749.221410777403,626.2933933978948,1,61
73189.25331746248,0.679949045377369,23573.767538109107,670.7036163341122,1,68
107396.02450128534,0.5687748130873332,23098.64174742725,716.4553389355065,0,48
60648.90332054755,0.7782519730560473,12635.037908318796,762.6421317213742,0,69
116214.59249003266,0.455276367706396,14235.220730941575,677.5887691849925,0,39
73906.2928646772,0.5539503313122721,14872.853134666377,665.3874835367052,0,35
42159.79890432178,0.5904637676559806,12878.518944140942,601.5538428791958,0,36
78339.01847111808,0.5635615246814745,15940.358674683635,705.1719064654053,0,35
60465.89750649852,0.6273410399161157,11098.716672313763,802.1038020071871,1,38
93666.3046737805,0.3118705459439014,9291.946478079028,713.8679230982337,0,27
60919.662333499946,0.495447843058363,17934.68546225595,698.8860510408143,0,57
65551.19950492501,0.211408114702518,17844.47272748726,716.1041155383492,0,57
32678.508312345104,0.41670139553978736,10879.743459842388,699.4453998025699,0,48
64824.81191451772,0.47695220825423146,19782.71117454006,659.3492813869935,0,60
20532.14415332432,0.5882721341197439,11627.368445343358,741.1639957838853,0,55
39196.07266150311,0.8058494601796178,16326.349287348528,711.2880761555878,0,45
91076.18552283416,0.557646995425501,19179.03999216382,700.8806625966829,0,50
91301.87087880216,0.6566969557964748,15044.087373773984,651.2316986360875,0,63
86099.04881870883,0.4964380308645,17121.392221515467,765.175396596738,0,31
52280.32931861511,0.5827223604184963,12510.66177078044,733.2351372666554,0,36
73275.47347691997,0.1894292129054521,13910.374507249591,672.353958131635,0,34
74190.35237263837,0.3132666853155038,14186.732423473391,750.0912426840969,0,28
48037.67012674899,0.39930562365264954,11390.221306362548,675.1214580807397,0,58
108964.4556972443,0.4665491296309079,14039.14248400839,660.8998253744481,0,61
96058.324135105,0.1705876417950974,7188.156846353508,662.0148441259856,1,67
70502.7925329698,0.24237638341063503,12409.838166179054,611.4465723455954,0,31
74568.64349463553,0.32853705885467904,13599.754267683742,723.5771190209102,0,51
78676.77221661134,0.8143571744003861,13925.174568627455,608.4427560830825,1,44
28771.41096447187,0.3764852528425159,13883.506911223389,638.5778084367118,0,58
70484.7501092328,0.4776575691299271,14466.81483763388,596.2205995460733,0,37
60760.63968964358,0.27478401399196284,17173.828703808053,695.6965153604554,0,34
52725.77365107613,0.5618822361451705,19702.409365260304,692.4839769864064,1,51
70035.31826187752,0.3425116881198531,11630.522464543188,683.6651893406818,1,25
113323.16156209601,0.2815951320796719,9139.12162760506,647.8711152664712,0,63
90796.39745729594,0.5006093879823524,9778.736471442226,641.388312328168,0,62
62264.91444257245,0.1410753333125763,12643.358361983372,723.2184931773287,0,54
87214.46857155819,0.14608670470777277,13395.892574655634,672.4724034145756,1,53
